date, pm25
2022/9/1, 38
2022/9/2, 42
2022/9/3, 57
2022/9/4, 90
2022/9/6, 124
2022/9/7, 90
2022/9/8, 49
2022/9/9, 73
2022/9/10, 35
2022/9/11, 27
2022/9/12, 34
2022/9/13, 45
2022/9/14, 63
2022/9/15, 83
2022/9/16, 77
2022/9/17, 100
2022/9/18, 95
2022/9/19, 54
2022/9/20, 43
2022/9/21, 61
2022/9/22, 68
2022/9/23, 80
2022/9/24, 77
2022/8/1, 92
2022/8/2, 106
2022/8/3, 79
2022/8/4, 62
2022/8/5, 40
2022/8/6, 41
2022/8/7, 35
2022/8/8, 34
2022/8/9, 31
2022/8/10, 40
2022/8/11, 54
2022/8/12, 79
2022/8/13, 64
2022/8/14, 32
2022/8/15, 51
2022/8/16, 93
2022/8/17, 109
2022/8/18, 125
2022/8/19, 59
2022/8/20, 45
2022/8/21, 72
2022/8/22, 90
2022/8/23, 90
2022/8/24, 71
2022/8/25, 76
2022/8/26, 97
2022/8/27, 101
2022/8/28, 74
2022/8/29, 65
2022/8/30, 58
2022/8/31, 45
2022/7/11, 42
2022/7/12, 43
2022/7/13, 40
2022/7/14, 39
2022/7/15, 42
2022/7/16, 46
2022/7/17, 35
2022/7/18, 50
2022/7/19, 65
2022/7/20, 72
2022/7/21, 73
2022/7/22, 57
2022/7/23, 47
2022/7/24, 48
2022/7/25, 55
2022/7/26, 49
2022/7/28, 68
2022/7/29, 65
2022/7/30, 59
2022/7/31, 75
2022/6/1, 120
2022/6/2, 103
2022/6/3, 107
2022/6/4, 102
2022/6/5, 92
2022/6/6, 92
2022/6/7, 91
2022/6/8, 112
2022/6/9, 101
2022/6/10, 93
2022/6/11, 97
2022/6/12, 92
2022/6/13, 87
2022/6/14, 76
2022/5/1, 91
2022/5/2, 79
2022/5/3, 73
2022/5/4, 83
2022/5/5, 96
2022/5/6, 112
2022/5/7, 109
2022/5/8, 96
2022/5/9, 43
2022/5/10, 61
2022/5/11, 84
2022/5/12, 93
2022/5/13, 100
2022/5/14, 77
2022/5/15, 71
2022/5/17, 62
2022/5/18, 58
2022/5/19, 66
2022/5/20, 65
2022/5/21, 84
2022/5/22, 112
2022/5/23, 120
2022/5/24, 91
2022/5/25, 97
2022/5/26, 106
2022/5/31, 117
2022/4/1, 112
2022/4/2, 85
2022/4/3, 84
2022/4/4, 75
2022/4/5, 82
2022/4/6, 87
2022/4/7, 94
2022/4/8, 83
2022/4/9, 57
2022/4/10, 62
2022/4/11, 66
2022/4/12, 74
2022/4/13, 61
2022/4/14, 75
2022/4/15, 108
2022/4/16, 88
2022/4/17, 76
2022/4/20, 61
2022/4/21, 58
2022/4/22, 72
2022/4/26, 113
2022/4/27, 100
2022/4/28, 103
2022/4/29, 105
2022/4/30, 95
2022/3/1, 175
2022/3/2, 177
2022/3/3, 193
2022/3/4, 207
2022/3/5, 186
2022/3/6, 173
2022/3/7, 182
2022/3/8, 183
2022/3/9, 191
2022/3/10, 212
2022/3/24, 129
2022/3/25, 131
2022/3/26, 120
2022/3/27, 141
2022/3/28, 143
2022/3/29, 140
2022/3/30, 111
2022/3/31, 104
2022/2/1, 173
2022/2/2, 176
2022/2/3, 145
2022/2/4, 103
2022/2/5, 159
2022/2/6, 161
2022/2/7, 166
2022/2/8, 179
2022/2/9, 180
2022/2/10, 181
2022/2/11, 202
2022/2/12, 165
2022/2/13, 167
2022/2/14, 182
2022/2/15, 218
2022/2/16, 207
2022/2/25, 177
2022/2/26, 230
2022/2/27, 188
2022/2/28, 161
2022/1/3, 206
2022/1/4, 244
2022/1/5, 264
2022/1/6, 252
2022/1/7, 249
2022/1/8, 206
2022/1/9, 207
2022/1/10, 220
2022/1/11, 211
2022/1/12, 151
2022/1/13, 171
2022/1/14, 168
2022/1/15, 178
2022/1/16, 183
2022/1/17, 200
2022/1/18, 213
2022/1/19, 236
2022/1/20, 256
2022/1/21, 276
2022/1/22, 200
2022/1/23, 252
2022/1/24, 195
2022/1/25, 204
2022/1/26, 200
2022/1/27, 194
2022/1/28, 193
2022/1/29, 206
2022/1/30, 240
2022/1/31, 191
2021/10/1, 28
2021/10/2, 36
2021/10/3, 44
2021/10/4, 71
2021/10/5, 69
2021/10/6, 72
2021/10/7, 95
2021/10/8, 137
2021/10/9, 157
2021/10/10, 148
2021/10/11, 161
2021/10/12, 162
2021/10/13, 161
2021/10/14, 83
2021/10/15, 93
2021/10/16, 44
2021/10/17, 26
2021/10/18, 31
2021/10/19, 28
2021/10/20, 73
2021/10/21, 141
2021/10/22, 145
2021/10/23, 174
2021/10/24, 166
2021/10/25, 171
2021/10/26, 168
2021/10/27, 149
2021/10/28, 157
2021/10/29, 155
2021/10/30, 153
2021/10/31, 162
2021/11/1, 169
2021/11/2, 164
2021/11/3, 157
2021/11/4, 206
2021/11/5, 191
2021/11/6, 183
2021/11/7, 180
2021/11/8, 174
2021/11/9, 183
2021/11/10, 175
2021/11/11, 167
2021/11/12, 163
2021/11/13, 154
2021/11/14, 145
2021/11/15, 132
2021/11/16, 168
2021/11/17, 180
2021/11/18, 168
2021/11/19, 185
2021/11/22, 253
2021/11/23, 190
2021/11/24, 181
2021/11/25, 188
2021/11/26, 188
2021/11/27, 207
2021/11/28, 199
2021/11/29, 182
2021/11/30, 184
2021/12/1, 177
2021/12/2, 245
2021/12/3, 111
2021/12/4, 195
2021/12/5, 123
2021/12/6, 48
2021/12/7, 105
2021/12/8, 158
2021/12/9, 160
2021/12/10, 175
2021/12/11, 215
2021/12/12, 200
2021/12/13, 221
2021/12/14, 242
2021/12/15, 321
2021/12/16, 256
2021/12/17, 214
2021/12/18, 219
2021/12/19, 188
2021/12/20, 192
2021/12/21, 223
2021/12/22, 225
2021/12/23, 265
2021/12/24, 273
2021/12/25, 237
2021/12/26, 245
2021/12/27, 234
2021/12/28, 228
2021/12/29, 223
2021/12/30, 217
2021/12/31, 192
2022/1/1, 199
2022/1/2, 194
2021/7/1, 80
2021/7/2, 87
2021/7/3, 98
2021/7/4, 91
2021/7/5, 107
2021/7/6, 140
2021/7/7, 107
2021/7/8, 84
2021/7/9, 100
2021/7/10, 117
2021/7/11, 48
2021/7/12, 37
2021/7/13, 38
2021/7/14, 39
2021/7/15, 48
2021/7/16, 52
2021/7/17, 52
2021/7/18, 52
2021/7/19, 65
2021/7/20, 105
2021/7/21, 107
2021/7/22, 47
2021/7/23, 42
2021/7/24, 57
2021/7/25, 89
2021/7/26, 102
2021/7/27, 97
2021/7/28, 80
2021/7/29, 63
2021/7/30, 58
2021/8/4, 112
2021/8/5, 109
2021/8/6, 114
2021/8/7, 97
2021/8/8, 80
2021/8/9, 95
2021/8/10, 97
2021/8/11, 111
2021/8/12, 111
2021/8/13, 109
2021/8/14, 102
2021/8/15, 65
2021/8/16, 49
2021/8/17, 52
2021/8/18, 56
2021/8/22, 72
2021/8/23, 69
2021/8/24, 90
2021/8/25, 100
2021/8/26, 88
2021/8/27, 88
2021/8/28, 43
2021/8/29, 32
2021/8/30, 33
2021/8/31, 34
2021/9/1, 41
2021/9/2, 48
2021/9/3, 59
2021/9/4, 82
2021/9/5, 55
2021/9/6, 18
2021/9/7, 28
2021/9/8, 31
2021/9/9, 44
2021/9/10, 95
2021/9/11, 36
2021/9/12, 29
2021/9/13, 34
2021/9/14, 15
2021/9/16, 55
2021/9/17, 69
2021/9/18, 82
2021/9/19, 107
2021/9/20, 55
2021/9/21, 39
2021/9/22, 55
2021/9/23, 78
2021/9/24, 106
2021/9/25, 127
2021/9/26, 56
2021/9/27, 43
2021/9/28, 28
2021/9/29, 31
2021/9/30, 35
2021/4/1, 160
2021/4/2, 144
2021/4/3, 143
2021/4/4, 136
2021/4/5, 137
2021/4/6, 138
2021/4/7, 123
2021/4/8, 129
2021/4/9, 130
2021/4/10, 140
2021/4/11, 126
2021/4/12, 135
2021/4/13, 109
2021/4/14, 109
2021/4/15, 119
2021/4/16, 128
2021/4/17, 83
2021/4/18, 80
2021/4/19, 111
2021/4/20, 99
2021/4/21, 105
2021/4/22, 137
2021/4/23, 161
2021/4/24, 146
2021/4/25, 127
2021/4/26, 123
2021/4/27, 115
2021/4/28, 121
2021/4/29, 113
2021/4/30, 112
2021/5/1, 121
2021/5/2, 113
2021/5/3, 107
2021/5/4, 112
2021/5/5, 93
2021/5/6, 79
2021/5/7, 83
2021/5/8, 95
2021/5/9, 71
2021/5/10, 86
2021/5/11, 70
2021/5/12, 98
2021/5/13, 95
2021/5/14, 108
2021/5/15, 84
2021/5/16, 63
2021/5/17, 60
2021/5/18, 65
2021/5/19, 70
2021/5/20, 60
2021/5/21, 64
2021/5/22, 78
2021/5/23, 114
2021/5/24, 89
2021/5/25, 87
2021/5/26, 158
2021/5/27, 52
2021/5/28, 78
2021/5/29, 92
2021/5/30, 92
2021/5/31, 80
2021/6/1, 99
2021/6/2, 81
2021/6/3, 84
2021/6/4, 99
2021/6/5, 93
2021/6/6, 90
2021/6/7, 75
2021/6/8, 77
2021/6/9, 102
2021/6/10, 90
2021/6/11, 86
2021/6/12, 75
2021/6/13, 71
2021/6/14, 76
2021/6/15, 80
2021/6/16, 93
2021/6/17, 78
2021/6/18, 62
2021/6/19, 91
2021/6/20, 94
2021/6/21, 108
2021/6/22, 88
2021/6/23, 96
2021/6/24, 89
2021/6/25, 101
2021/6/26, 88
2021/6/27, 73
2021/6/28, 77
2021/6/29, 77
2021/6/30, 96
2021/1/4, 244
2021/1/5, 209
2021/1/6, 258
2021/1/7, 256
2021/1/8, 204
2021/1/9, 191
2021/1/10, 187
2021/1/11, 197
2021/1/12, 192
2021/1/13, 203
2021/1/14, 216
2021/1/19, 224
2021/1/20, 225
2021/1/21, 233
2021/1/22, 220
2021/1/23, 264
2021/1/24, 271
2021/1/25, 276
2021/1/26, 243
2021/1/27, 220
2021/1/28, 202
2021/1/29, 230
2021/1/30, 241
2021/1/31, 233
2021/2/1, 229
2021/2/2, 248
2021/2/3, 272
2021/2/4, 248
2021/2/5, 235
2021/2/6, 233
2021/2/7, 163
2021/2/8, 185
2021/2/9, 227
2021/2/10, 260
2021/2/11, 194
2021/2/12, 191
2021/2/13, 192
2021/2/14, 182
2021/2/15, 168
2021/2/16, 187
2021/2/17, 229
2021/2/18, 210
2021/2/19, 222
2021/2/20, 202
2021/2/21, 211
2021/2/22, 210
2021/2/23, 190
2021/2/24, 194
2021/2/25, 185
2021/2/26, 175
2021/2/27, 170
2021/2/28, 155
2021/3/1, 152
2021/3/2, 161
2021/3/3, 159
2021/3/4, 187
2021/3/5, 155
2021/3/6, 161
2021/3/7, 170
2021/3/8, 152
2021/3/9, 103
2021/3/10, 80
2021/3/11, 103
2021/3/12, 123
2021/3/13, 157
2021/3/14, 155
2021/3/15, 160
2021/3/16, 164
2021/3/17, 170
2021/3/18, 172
2021/3/19, 174
2021/3/20, 188
2021/3/21, 175
2021/3/22, 179
2021/3/23, 167
2021/3/24, 172
2021/3/25, 167
2021/3/26, 171
2021/3/27, 174
2021/3/28, 174
2021/3/29, 160
2021/3/30, 156
2021/3/31, 164
2020/10/1, 40
2020/10/2, 38
2020/10/3, 56
2020/10/4, 62
2020/10/5, 51
2020/10/6, 50
2020/10/7, 49
2020/10/8, 85
2020/10/9, 119
2020/10/10, 110
2020/10/11, 104
2020/10/12, 124
2020/10/13, 91
2020/10/14, 38
2020/10/15, 31
2020/10/16, 102
2020/10/17, 135
2020/10/18, 129
2020/10/19, 101
2020/10/20, 131
2020/10/21, 22
2020/10/22, 17
2020/10/23, 35
2020/10/24, 65
2020/10/25, 112
2020/10/26, 160
2020/10/27, 164
2020/10/28, 175
2020/10/29, 145
2020/10/30, 141
2020/10/31, 140
2020/11/1, 37
2020/11/2, 56
2020/11/3, 178
2020/11/4, 185
2020/11/19, 163
2020/11/20, 169
2020/11/21, 219
2020/11/22, 176
2020/11/23, 187
2020/11/24, 190
2020/11/25, 185
2020/11/26, 201
2020/11/27, 166
2020/11/28, 176
2020/11/29, 198
2020/11/30, 190
2020/12/1, 235
2020/12/2, 254
2020/12/3, 256
2020/12/4, 249
2020/12/5, 231
2020/12/6, 205
2020/12/7, 199
2020/12/8, 284
2020/12/9, 286
2020/12/10, 280
2020/12/11, 239
2020/12/12, 243
2020/12/13, 240
2020/12/14, 227
2020/12/15, 203
2020/12/16, 193
2020/12/17, 220
2020/12/18, 207
2020/12/19, 206
2020/12/20, 225
2020/12/21, 288
2020/12/22, 333
2020/12/23, 275
2020/12/24, 260
2020/12/25, 253
2020/12/26, 252
2020/12/27, 245
2020/12/28, 289
2020/12/29, 332
2020/12/30, 241
2020/12/31, 216
2021/1/1, 217
2021/1/2, 263
2021/1/3, 306
2020/7/1, 40
2020/7/2, 40
2020/7/3, 28
2020/7/4, 19
2020/7/5, 21
2020/7/6, 25
2020/7/7, 44
2020/7/8, 72
2020/7/9, 56
2020/7/10, 32
2020/7/11, 50
2020/7/12, 68
2020/7/13, 79
2020/7/14, 46
2020/7/15, 23
2020/7/16, 12
2020/7/17, 13
2020/7/18, 38
2020/7/19, 41
2020/7/20, 45
2020/7/21, 59
2020/7/22, 67
2020/7/23, 44
2020/7/24, 69
2020/7/25, 48
2020/7/26, 53
2020/7/27, 94
2020/7/28, 89
2020/7/29, 41
2020/7/30, 24
2020/7/31, 28
2020/8/1, 27
2020/8/2, 56
2020/8/3, 132
2020/8/4, 82
2020/8/5, 11
2020/8/6, 32
2020/8/7, 51
2020/8/8, 56
2020/8/9, 29
2020/8/10, 18
2020/8/11, 37
2020/8/12, 42
2020/8/13, 14
2020/8/14, 13
2020/8/15, 10
2020/9/11, 17
2020/9/12, 17
2020/9/13, 14
2020/9/14, 25
2020/9/15, 28
2020/9/16, 18
2020/9/17, 38
2020/9/18, 44
2020/9/19, 74
2020/9/20, 64
2020/9/21, 15
2020/9/22, 40
2020/9/23, 25
2020/9/24, 38
2020/9/25, 54
2020/9/26, 66
2020/9/27, 87
2020/9/28, 148
2020/9/29, 64
2020/9/30, 41
2020/4/1, 140
2020/4/2, 115
2020/4/3, 128
2020/4/4, 143
2020/4/5, 136
2020/4/6, 117
2020/4/7, 125
2020/4/8, 89
2020/4/9, 78
2020/4/10, 69
2020/4/11, 78
2020/4/12, 83
2020/4/13, 92
2020/4/14, 92
2020/4/15, 92
2020/4/16, 101
2020/4/17, 76
2020/4/18, 67
2020/4/19, 57
2020/4/20, 62
2020/4/21, 57
2020/4/22, 63
2020/4/23, 56
2020/4/24, 46
2020/4/25, 56
2020/4/26, 63
2020/4/27, 37
2020/4/28, 34
2020/4/29, 70
2020/4/30, 59
2020/5/1, 43
2020/5/2, 74
2020/5/3, 76
2020/5/4, 77
2020/5/5, 64
2020/5/6, 49
2020/5/7, 60
2020/5/8, 60
2020/5/9, 70
2020/5/10, 66
2020/5/11, 69
2020/5/12, 99
2020/5/13, 71
2020/5/14, 56
2020/5/15, 44
2020/5/16, 25
2020/5/25, 55
2020/5/26, 61
2020/5/27, 51
2020/5/28, 60
2020/5/29, 61
2020/5/30, 51
2020/5/31, 52
2020/6/1, 51
2020/6/2, 51
2020/6/3, 58
2020/6/4, 57
2020/6/5, 44
2020/6/6, 67
2020/6/7, 80
2020/6/8, 84
2020/6/9, 72
2020/6/10, 46
2020/6/11, 21
2020/6/12, 28
2020/6/13, 38
2020/6/14, 38
2020/6/15, 55
2020/6/16, 41
2020/6/17, 56
2020/6/18, 57
2020/6/19, 65
2020/6/20, 36
2020/6/21, 43
2020/6/22, 50
2020/6/23, 59
2020/6/24, 64
2020/6/25, 53
2020/6/26, 29
2020/6/27, 22
2020/6/28, 40
2020/6/29, 57
2020/6/30, 50
2020/1/1, 259
2020/1/2, 236
2020/1/3, 128
2020/1/4, 174
2020/1/5, 215
2020/1/6, 225
2020/1/7, 252
2020/1/8, 261
2020/1/9, 201
2020/1/10, 193
2020/1/11, 205
2020/1/12, 191
2020/1/13, 220
2020/1/14, 286
2020/1/15, 333
2020/1/16, 249
2020/1/17, 237
2020/1/18, 196
2020/1/19, 191
2020/1/20, 183
2020/1/21, 216
2020/1/22, 244
2020/1/23, 249
2020/1/24, 210
2020/1/25, 178
2020/1/26, 251
2020/1/27, 246
2020/1/28, 261
2020/1/29, 150
2020/1/30, 181
2020/1/31, 202
2020/2/1, 180
2020/2/2, 189
2020/2/3, 177
2020/2/4, 208
2020/2/5, 215
2020/2/6, 192
2020/2/7, 196
2020/2/8, 253
2020/2/9, 201
2020/2/10, 202
2020/2/11, 236
2020/2/12, 218
2020/2/13, 221
2020/2/14, 212
2020/2/15, 170
2020/2/16, 197
2020/2/17, 200
2020/2/18, 185
2020/2/19, 173
2020/2/20, 159
2020/2/21, 187
2020/2/22, 208
2020/2/23, 189
2020/2/24, 208
2020/2/25, 188
2020/2/26, 128
2020/2/27, 143
2020/2/28, 176
2020/2/29, 173
2020/3/1, 191
2020/3/2, 191
2020/3/3, 158
2020/3/4, 144
2020/3/5, 115
2020/3/6, 116
2020/3/7, 114
2020/3/8, 117
2020/3/9, 148
2020/3/10, 164
2020/3/11, 156
2020/3/12, 155
2020/3/13, 157
2020/3/14, 117
2020/3/15, 91
2020/3/16, 158
2020/3/17, 161
2020/3/18, 176
2020/3/19, 168
2020/3/20, 115
2020/3/21, 105
2020/3/22, 60
2020/3/23, 95
2020/3/24, 110
2020/3/25, 135
2020/3/26, 111
2020/3/27, 130
2020/3/28, 127
2020/3/29, 113
2019/10/1, 99
2019/10/2, 132
2019/10/3, 108
2019/10/4, 97
2019/10/5, 114
2019/10/6, 119
2019/10/7, 106
2019/10/8, 70
2019/10/9, 44
2019/10/10, 65
2019/10/11, 157
2019/10/12, 133
2019/10/13, 158
2019/10/14, 153
2019/10/15, 151
2019/10/16, 137
2019/10/17, 130
2019/10/18, 149
2019/10/19, 150
2019/10/20, 160
2019/10/21, 174
2019/10/22, 162
2019/10/23, 177
2019/10/24, 117
2019/11/18, 223
2019/11/19, 212
2019/11/20, 206
2019/11/21, 193
2019/11/22, 189
2019/11/23, 224
2019/11/24, 250
2019/11/25, 232
2019/11/26, 243
2019/11/27, 226
2019/11/28, 172
2019/11/29, 201
2019/11/30, 234
2019/12/1, 218
2019/12/2, 194
2019/12/3, 211
2019/12/4, 215
2019/12/5, 193
2019/12/6, 168
2019/12/7, 165
2019/12/8, 170
2019/12/9, 165
2019/12/10, 160
2019/12/11, 174
2019/12/12, 172
2019/12/13, 222
2019/12/14, 244
2019/12/15, 208
2019/12/16, 165
2019/12/17, 176
2019/12/18, 180
2019/12/19, 184
2019/12/20, 223
2019/12/21, 290
2019/12/22, 286
2019/12/23, 287
2019/12/24, 295
2019/12/25, 238
2019/12/26, 244
2019/12/27, 217
2019/12/28, 259
2019/12/29, 207
2019/7/1, 41
2019/7/2, 16
2019/7/3, 42
2019/7/4, 77
2019/7/5, 62
2019/7/6, 56
2019/7/7, 32
2019/7/8, 55
2019/7/9, 57
2019/7/10, 56
2019/7/11, 58
2019/7/12, 59
2019/7/13, 75
2019/7/14, 80
2019/7/15, 93
2019/7/16, 92
2019/7/17, 124
2019/7/18, 91
2019/7/19, 38
2019/7/20, 62
2019/7/21, 60
2019/7/22, 49
2019/7/23, 33
2019/7/24, 33
2019/7/25, 61
2019/7/26, 45
2019/7/27, 40
2019/7/28, 9
2019/7/30, 44
2019/7/31, 39
2019/8/1, 50
2019/8/2, 36
2019/8/3, 48
2019/8/4, 92
2019/8/5, 77
2019/8/6, 56
2019/8/7, 5
2019/8/8, 40
2019/8/9, 54
2019/8/10, 73
2019/8/11, 96
2019/8/12, 79
2019/8/13, 33
2019/8/14, 72
2019/8/15, 56
2019/8/16, 65
2019/8/17, 66
2019/8/18, 44
2019/8/19, 34
2019/8/20, 61
2019/8/21, 66
2019/8/22, 65
2019/8/23, 40
2019/8/24, 43
2019/8/25, 24
2019/8/26, 31
2019/8/27, 28
2019/8/28, 62
2019/8/29, 57
2019/8/30, 63
2019/8/31, 65
2019/9/1, 94
2019/9/2, 51
2019/9/3, 41
2019/9/4, 43
2019/9/5, 41
2019/9/6, 43
2019/9/7, 44
2019/9/8, 53
2019/9/9, 65
2019/9/10, 73
2019/9/11, 61
2019/9/12, 72
2019/9/13, 64
2019/9/14, 79
2019/9/15, 83
2019/9/16, 74
2019/9/17, 63
2019/9/18, 53
2019/9/19, 43
2019/9/20, 80
2019/9/21, 87
2019/9/22, 68
2019/9/23, 52
2019/9/24, 29
2019/9/25, 58
2019/9/26, 67
2019/9/27, 71
2019/9/28, 72
2019/9/29, 53
2019/9/30, 53
2019/4/1, 84
2019/4/2, 113
2019/4/3, 112
2019/4/4, 94
2019/4/5, 102
2019/4/6, 99
2019/4/7, 90
2019/4/8, 86
2019/4/9, 85
2019/4/10, 77
2019/4/11, 92
2019/4/12, 88
2019/4/13, 98
2019/4/14, 88
2019/4/15, 88
2019/4/16, 108
2019/4/17, 137
2019/4/18, 145
2019/4/19, 135
2019/4/20, 106
2019/4/21, 95
2019/4/22, 130
2019/4/23, 93
2019/4/24, 84
2019/4/25, 76
2019/4/26, 99
2019/4/27, 110
2019/4/28, 87
2019/4/29, 70
2019/4/30, 63
2019/5/1, 49
2019/5/2, 54
2019/5/3, 63
2019/5/4, 69
2019/5/5, 129
2019/5/6, 131
2019/5/7, 137
2019/5/8, 141
2019/5/9, 141
2019/5/10, 141
2019/5/11, 133
2019/5/12, 121
2019/5/13, 109
2019/5/14, 99
2019/5/15, 97
2019/5/16, 106
2019/5/17, 111
2019/5/18, 112
2019/5/19, 113
2019/5/20, 112
2019/5/21, 93
2019/5/22, 99
2019/5/23, 80
2019/5/24, 83
2019/5/25, 76
2019/5/26, 77
2019/5/27, 62
2019/5/28, 48
2019/5/29, 66
2019/5/30, 52
2019/5/31, 39
2019/6/1, 64
2019/6/2, 56
2019/6/3, 79
2019/6/4, 74
2019/6/5, 63
2019/6/6, 49
2019/6/7, 46
2019/6/8, 30
2019/6/9, 76
2019/6/10, 77
2019/6/11, 72
2019/6/12, 68
2019/6/13, 91
2019/6/14, 87
2019/6/15, 48
2019/6/16, 65
2019/6/17, 107
2019/6/18, 98
2019/6/19, 115
2019/6/20, 89
2019/6/21, 44
2019/6/22, 50
2019/6/23, 38
2019/6/24, 50
2019/6/25, 44
2019/6/26, 23
2019/6/27, 29
2019/6/28, 48
2019/6/29, 79
2019/6/30, 93
2019/1/1, 252
2019/1/2, 221
2019/1/3, 268
2019/1/4, 302
2019/1/5, 283
2019/1/6, 216
2019/1/7, 223
2019/1/8, 226
2019/1/9, 239
2019/1/10, 255
2019/1/11, 237
2019/1/12, 296
2019/1/13, 224
2019/1/14, 277
2019/1/15, 265
2019/1/16, 208
2019/1/17, 242
2019/1/18, 262
2019/1/19, 293
2019/1/20, 270
2019/1/21, 310
2019/1/22, 355
2019/1/23, 272
2019/1/24, 229
2019/1/25, 196
2019/1/26, 182
2019/1/27, 179
2019/1/28, 180
2019/1/29, 174
2019/1/30, 171
2019/1/31, 232
2019/2/1, 216
2019/2/2, 241
2019/2/3, 222
2019/2/4, 216
2019/2/5, 217
2019/2/6, 234
2019/2/7, 237
2019/2/8, 185
2019/2/9, 178
2019/2/12, 168
2019/2/13, 204
2019/2/14, 253
2019/2/15, 236
2019/2/16, 161
2019/2/17, 161
2019/2/18, 176
2019/2/19, 174
2019/2/20, 160
2019/2/21, 181
2019/2/22, 149
2019/2/23, 167
2019/2/24, 164
2019/2/25, 151
2019/2/26, 120
2019/2/27, 69
2019/2/28, 94
2019/3/1, 136
2019/3/2, 153
2019/3/3, 178
2019/3/4, 157
2019/3/5, 126
2019/3/6, 155
2019/3/7, 161
2019/3/8, 149
2019/3/9, 149
2019/3/10, 125
2019/3/11, 123
2019/3/12, 157
2019/3/13, 137
2019/3/14, 165
2019/3/15, 160
2019/3/16, 123
2019/3/17, 148
2019/3/18, 119
2019/3/19, 134
2019/3/20, 144
2019/3/21, 135
2019/3/22, 129
2019/3/23, 145
2019/3/24, 137
2019/3/25, 158
2019/3/26, 143
2019/3/27, 137
2019/3/28, 133
2019/3/29, 117
2019/3/30, 123
2019/3/31, 116
2018/10/1, 143
2018/10/2, 147
2018/10/3, 136
2018/10/4, 154
2018/10/5, 175
2018/10/6, 163
2018/10/7, 164
2018/10/8, 167
2018/10/9, 123
2018/10/10, 45
2018/10/11, 54
2018/10/12, 61
2018/10/13, 79
2018/10/14, 93
2018/10/15, 135
2018/10/16, 152
2018/10/17, 168
2018/10/18, 165
2018/10/19, 167
2018/10/20, 179
2018/10/21, 180
2018/10/22, 176
2018/10/23, 186
2018/10/24, 178
2018/10/25, 177
2018/10/26, 196
2018/10/27, 184
2018/10/28, 170
2018/10/29, 120
2018/10/30, 99
2018/10/31, 81
2018/11/1, 89
2018/11/2, 131
2018/11/3, 147
2018/11/4, 125
2018/11/5, 136
2018/11/6, 168
2018/11/7, 280
2018/11/8, 283
2018/11/9, 223
2018/11/10, 228
2018/11/11, 188
2018/11/12, 199
2018/11/13, 230
2018/11/14, 214
2018/11/15, 206
2018/11/17, 204
2018/11/18, 187
2018/11/19, 190
2018/11/20, 219
2018/11/21, 226
2018/11/22, 265
2018/11/23, 250
2018/11/24, 270
2018/11/25, 298
2018/11/26, 243
2018/11/27, 176
2018/11/28, 168
2018/11/29, 175
2018/11/30, 179
2018/12/1, 209
2018/12/2, 193
2018/12/3, 224
2018/12/4, 231
2018/12/5, 278
2018/12/6, 276
2018/12/7, 341
2018/12/8, 301
2018/12/9, 279
2018/12/10, 266
2018/12/11, 265
2018/12/12, 231
2018/12/13, 189
2018/12/14, 194
2018/12/15, 191
2018/12/16, 191
2018/12/17, 192
2018/12/18, 163
2018/12/19, 166
2018/12/20, 191
2018/12/21, 263
2018/12/22, 312
2018/12/23, 262
2018/12/24, 233
2018/12/25, 271
2018/12/26, 263
2018/12/27, 10
2018/12/28, 11
2018/12/29, 82
2018/12/30, 231
2018/7/2, 109
2018/7/3, 102
2018/7/9, 78
2018/7/10, 86
2018/7/11, 74
2018/7/12, 79
2018/7/13, 69
2018/7/14, 62
2018/7/15, 53
2018/7/16, 55
2018/7/17, 71
2018/7/18, 77
2018/7/19, 79
2018/7/20, 85
2018/7/21, 59
2018/7/22, 58
2018/7/23, 102
2018/7/24, 99
2018/7/25, 116
2018/7/26, 105
2018/7/27, 107
2018/7/28, 133
2018/7/29, 147
2018/7/30, 117
2018/7/31, 134
2018/8/1, 120
2018/8/2, 133
2018/8/3, 140
2018/8/4, 142
2018/8/5, 129
2018/8/6, 138
2018/8/7, 111
2018/8/8, 85
2018/8/9, 88
2018/8/10, 93
2018/8/11, 89
2018/8/12, 84
2018/8/13, 74
2018/8/14, 71
2018/8/15, 61
2018/8/16, 72
2018/8/17, 81
2018/8/18, 87
2018/8/19, 113
2018/8/20, 60
2018/8/21, 58
2018/8/22, 68
2018/8/23, 87
2018/8/24, 90
2018/8/25, 70
2018/8/26, 40
2018/8/27, 33
2018/8/28, 33
2018/8/29, 50
2018/8/30, 106
2018/8/31, 104
2018/9/1, 41
2018/9/2, 38
2018/9/3, 99
2018/9/4, 123
2018/9/5, 84
2018/9/6, 31
2018/9/7, 57
2018/9/8, 71
2018/9/9, 58
2018/9/10, 77
2018/9/11, 118
2018/9/12, 133
2018/9/13, 151
2018/9/14, 146
2018/9/15, 157
2018/9/16, 154
2018/9/17, 163
2018/9/18, 139
2018/9/19, 27
2018/9/24, 84
2018/9/25, 98
2018/9/26, 118
2018/9/27, 141
2018/9/28, 140
2018/9/29, 151
2018/9/30, 144
2018/4/1, 138
2018/4/2, 130
2018/4/3, 146
2018/4/4, 134
2018/4/5, 115
2018/4/6, 126
2018/4/7, 131
2018/4/8, 127
2018/4/9, 130
2018/4/10, 138
2018/4/11, 131
2018/4/12, 116
2018/4/13, 123
2018/4/14, 109
2018/4/15, 137
2018/4/16, 125
2018/4/17, 105
2018/4/19, 82
2018/4/20, 80
2018/4/21, 72
2018/4/22, 91
2018/4/23, 104
2018/4/24, 124
2018/4/25, 109
2018/4/26, 93
2018/4/27, 99
2018/4/28, 117
2018/4/29, 85
2018/4/30, 79
2018/5/1, 107
2018/5/2, 89
2018/5/3, 107
2018/5/4, 92
2018/5/5, 89
2018/5/6, 84
2018/5/7, 87
2018/5/8, 88
2018/5/9, 96
2018/5/10, 99
2018/5/11, 72
2018/5/14, 153
2018/5/15, 119
2018/5/16, 105
2018/5/17, 138
2018/5/18, 108
2018/5/19, 140
2018/5/20, 111
2018/5/21, 116
2018/5/22, 97
2018/5/23, 87
2018/5/24, 75
2018/5/25, 67
2018/5/26, 72
2018/5/27, 74
2018/5/28, 65
2018/5/29, 66
2018/5/30, 86
2018/5/31, 105
2018/6/1, 93
2018/6/2, 106
2018/6/3, 97
2018/6/4, 108
2018/6/5, 91
2018/6/6, 99
2018/6/7, 86
2018/6/8, 83
2018/6/9, 109
2018/6/10, 119
2018/6/11, 138
2018/6/12, 113
2018/6/13, 126
2018/6/14, 140
2018/6/15, 145
2018/6/16, 142
2018/6/18, 158
2018/6/19, 145
2018/6/21, 97
2018/6/22, 90
2018/6/23, 81
2018/6/25, 106
2018/6/26, 111
2018/6/27, 54
2018/6/28, 67
2018/6/29, 45
2018/1/1, 195
2018/1/2, 242
2018/1/3, 230
2018/1/4, 238
2018/1/5, 275
2018/1/6, 304
2018/1/7, 260
2018/1/8, 272
2018/1/9, 276
2018/1/10, 324
2018/1/11, 283
2018/1/12, 354
2018/1/13, 358
2018/1/14, 383
2018/1/15, 289
2018/1/16, 400
2018/1/17, 341
2018/1/18, 306
2018/1/19, 321
2018/1/20, 344
2018/1/21, 360
2018/1/22, 226
2018/1/23, 276
2018/1/24, 232
2018/1/25, 200
2018/1/26, 214
2018/1/27, 208
2018/1/28, 230
2018/1/29, 208
2018/1/30, 218
2018/1/31, 193
2018/2/1, 268
2018/2/2, 274
2018/2/3, 250
2018/2/4, 167
2018/2/5, 177
2018/2/6, 213
2018/2/7, 198
2018/2/8, 189
2018/2/9, 183
2018/2/10, 176
2018/2/11, 180
2018/2/12, 186
2018/2/13, 189
2018/2/14, 188
2018/2/15, 183
2018/2/16, 184
2018/2/17, 221
2018/2/18, 200
2018/2/19, 174
2018/2/20, 168
2018/2/21, 174
2018/2/22, 194
2018/2/23, 181
2018/2/24, 169
2018/2/25, 163
2018/2/26, 165
2018/2/27, 174
2018/2/28, 180
2018/3/1, 190
2018/3/2, 174
2018/3/3, 158
2018/3/4, 163
2018/3/5, 164
2018/3/6, 164
2018/3/7, 157
2018/3/8, 169
2018/3/9, 182
2018/3/10, 176
2018/3/11, 173
2018/3/12, 157
2018/3/13, 160
2018/3/14, 177
2018/3/15, 160
2018/3/16, 161
2018/3/17, 163
2018/3/18, 174
2018/3/19, 174
2018/3/20, 177
2018/3/21, 168
2018/3/22, 159
2018/3/23, 155
2018/3/24, 153
2018/3/25, 157
2018/3/26, 160
2018/3/27, 163
2018/3/28, 148
2018/3/29, 129
2018/3/30, 114
2018/3/31, 121
2017/10/1, 67
2017/10/2, 70
2017/10/3, 76
2017/10/4, 78
2017/10/5, 101
2017/10/6, 87
2017/10/7, 85
2017/10/8, 65
2017/10/9, 47
2017/10/10, 75
2017/10/11, 76
2017/10/12, 84
2017/10/13, 57
2017/10/14, 52
2017/10/15, 108
2017/10/16, 146
2017/10/17, 179
2017/10/18, 120
2017/10/19, 54
2017/10/20, 61
2017/10/21, 67
2017/10/22, 114
2017/10/23, 137
2017/10/24, 132
2017/10/25, 130
2017/10/26, 169
2017/10/27, 183
2017/10/28, 191
2017/10/29, 182
2017/10/30, 169
2017/12/20, 181
2017/12/21, 233
2017/12/22, 238
2017/12/23, 222
2017/12/24, 261
2017/12/25, 285
2017/12/26, 222
2017/12/27, 209
2017/12/28, 207
2017/12/29, 204
2017/12/30, 229
2017/12/31, 266
2017/7/1, 87
2017/7/2, 102
2017/7/3, 106
2017/7/4, 90
2017/7/5, 114
2017/7/6, 129
2017/7/7, 126
2017/7/8, 122
2017/7/9, 92
2017/7/10, 99
2017/7/11, 107
2017/7/12, 123
2017/7/13, 68
2017/7/14, 69
2017/7/15, 62
2017/7/17, 76
2017/7/18, 54
2017/7/19, 59
2017/7/20, 87
2017/7/21, 100
2017/7/22, 94
2017/7/23, 85
2017/7/24, 80
2017/7/25, 105
2017/7/26, 106
2017/7/27, 101
2017/7/28, 112
2017/7/29, 132
2017/7/30, 112
2017/7/31, 130
2017/8/1, 120
2017/8/2, 139
2017/8/3, 120
2017/8/4, 114
2017/8/5, 111
2017/8/6, 87
2017/8/7, 95
2017/8/8, 88
2017/8/9, 90
2017/8/10, 91
2017/8/11, 118
2017/8/12, 122
2017/8/13, 97
2017/8/14, 123
2017/8/15, 112
2017/8/16, 111
2017/8/17, 108
2017/8/18, 74
2017/8/19, 67
2017/8/20, 78
2017/8/21, 89
2017/8/22, 110
2017/8/23, 106
2017/8/24, 99
2017/8/25, 76
2017/8/26, 70
2017/8/27, 65
2017/8/28, 64
2017/8/29, 78
2017/8/30, 88
2017/8/31, 100
2017/9/1, 100
2017/9/2, 94
2017/9/3, 133
2017/9/4, 149
2017/9/5, 151
2017/9/6, 148
2017/9/11, 75
2017/9/12, 91
2017/9/13, 127
2017/9/14, 134
2017/9/15, 116
2017/9/16, 129
2017/9/17, 113
2017/9/18, 68
2017/9/19, 39
2017/9/20, 31
2017/9/21, 17
2017/9/22, 36
2017/9/23, 84
2017/9/24, 106
2017/9/25, 122
2017/9/26, 122
2017/9/27, 111
2017/9/28, 135
2017/9/29, 95
2017/9/30, 77
2017/4/1, 115
2017/4/2, 110
2017/4/3, 120
2017/4/4, 97
2017/4/5, 94
2017/4/6, 97
2017/4/7, 108
2017/4/8, 125
2017/4/9, 126
2017/4/10, 132
2017/4/11, 140
2017/4/12, 144
2017/4/13, 135
2017/4/14, 116
2017/4/15, 117
2017/4/16, 82
2017/4/17, 129
2017/4/18, 107
2017/4/19, 133
2017/4/20, 109
2017/4/21, 134
2017/4/22, 124
2017/4/23, 138
2017/4/24, 128
2017/4/25, 142
2017/4/26, 146
2017/4/27, 144
2017/4/28, 140
2017/4/29, 126
2017/5/1, 122
2017/5/2, 113
2017/5/3, 123
2017/5/4, 128
2017/5/5, 114
2017/5/6, 93
2017/5/7, 112
2017/5/8, 86
2017/5/9, 105
2017/5/10, 105
2017/5/11, 89
2017/5/12, 111
2017/5/13, 98
2017/5/14, 120
2017/5/15, 98
2017/5/16, 97
2017/5/17, 127
2017/5/18, 119
2017/5/19, 120
2017/5/20, 132
2017/5/21, 133
2017/5/22, 131
2017/5/23, 126
2017/5/24, 116
2017/5/25, 108
2017/5/26, 89
2017/5/27, 108
2017/5/28, 109
2017/5/29, 124
2017/5/30, 105
2017/5/31, 119
2017/6/1, 107
2017/6/2, 104
2017/6/3, 105
2017/6/4, 92
2017/6/5, 103
2017/6/6, 94
2017/6/7, 100
2017/6/8, 97
2017/6/9, 85
2017/6/10, 81
2017/6/11, 69
2017/6/12, 88
2017/6/13, 140
2017/6/14, 81
2017/6/15, 61
2017/6/16, 124
2017/6/17, 126
2017/6/18, 107
2017/6/19, 107
2017/6/20, 88
2017/6/21, 98
2017/6/22, 115
2017/6/23, 114
2017/6/24, 125
2017/6/25, 78
2017/6/26, 71
2017/6/27, 65
2017/6/28, 65
2017/6/29, 70
2017/6/30, 98
2017/1/2, 306
2017/1/3, 256
2017/1/4, 214
2017/1/5, 229
2017/1/6, 210
2017/1/7, 234
2017/1/8, 224
2017/1/9, 212
2017/1/10, 204
2017/1/11, 184
2017/1/12, 183
2017/1/13, 190
2017/1/14, 194
2017/1/15, 203
2017/1/16, 249
2017/1/17, 280
2017/1/18, 300
2017/1/19, 250
2017/1/20, 253
2017/1/21, 260
2017/1/22, 212
2017/1/23, 234
2017/1/24, 249
2017/1/25, 239
2017/1/26, 219
2017/1/27, 258
2017/1/28, 219
2017/1/29, 160
2017/1/30, 196
2017/1/31, 210
2017/2/1, 223
2017/2/2, 222
2017/2/3, 206
2017/2/4, 204
2017/2/5, 206
2017/2/6, 250
2017/2/7, 214
2017/2/8, 228
2017/2/9, 222
2017/2/10, 214
2017/2/11, 207
2017/2/12, 195
2017/2/13, 212
2017/2/14, 241
2017/2/15, 205
2017/2/16, 210
2017/2/17, 232
2017/2/18, 182
2017/2/19, 187
2017/2/21, 157
2017/2/22, 145
2017/2/23, 158
2017/2/24, 171
2017/2/25, 192
2017/2/26, 181
2017/2/27, 179
2017/2/28, 200
2017/3/1, 194
2017/3/2, 166
2017/3/3, 158
2017/3/4, 152
2017/3/5, 129
2017/3/6, 151
2017/3/7, 180
2017/3/8, 148
2017/3/9, 137
2017/3/10, 115
2017/3/11, 129
2017/3/12, 162
2017/3/13, 163
2017/3/14, 173
2017/3/15, 180
2017/3/16, 176
2017/3/17, 162
2017/3/18, 151
2017/3/19, 151
2017/3/20, 157
2017/3/21, 157
2017/3/22, 151
2017/3/23, 152
2017/3/24, 152
2017/3/25, 153
2017/3/26, 150
2017/3/27, 152
2017/3/28, 129
2017/3/29, 119
2017/3/30, 99
2017/3/31, 109
2016/10/1, 51
2016/10/2, 46
2016/10/3, 96
2016/10/4, 107
2016/10/5, 119
2016/10/6, 93
2016/10/7, 48
2016/10/8, 62
2016/10/9, 71
2016/10/10, 65
2016/10/11, 64
2016/10/12, 143
2016/10/13, 170
2016/10/14, 169
2016/10/15, 165
2016/10/16, 165
2016/10/17, 163
2016/10/18, 163
2016/10/19, 162
2016/10/20, 168
2016/10/21, 174
2016/10/22, 180
2016/10/23, 182
2016/10/24, 194
2016/10/25, 186
2016/10/26, 189
2016/10/27, 121
2016/10/28, 135
2016/10/29, 151
2016/10/30, 210
2016/10/31, 154
2016/11/1, 175
2016/11/2, 170
2016/11/3, 151
2016/11/4, 152
2016/11/5, 92
2016/11/7, 180
2016/11/8, 205
2016/11/9, 240
2016/11/10, 243
2016/11/11, 220
2016/11/12, 202
2016/11/13, 187
2016/11/14, 199
2016/11/15, 221
2016/11/16, 197
2016/11/17, 193
2016/11/18, 196
2016/11/19, 226
2016/11/20, 265
2016/11/21, 284
2016/11/22, 255
2016/11/23, 294
2016/11/24, 282
2016/11/25, 274
2016/11/26, 322
2016/11/27, 319
2016/11/28, 318
2016/11/29, 223
2016/11/30, 211
2016/12/1, 183
2016/12/2, 199
2016/12/3, 211
2016/12/4, 215
2016/12/5, 223
2016/12/6, 225
2016/12/7, 207
2016/12/8, 196
2016/12/9, 192
2016/12/10, 221
2016/12/11, 216
2016/12/12, 238
2016/12/13, 246
2016/12/14, 257
2016/12/15, 231
2016/12/16, 198
2016/12/17, 222
2016/12/18, 272
2016/12/19, 262
2016/12/20, 258
2016/12/21, 311
2016/12/22, 335
2016/12/23, 335
2016/12/24, 368
2016/12/25, 332
2016/12/26, 231
2016/12/27, 236
2016/12/28, 253
2016/12/29, 242
2016/12/30, 290
2016/12/31, 273
2017/1/1, 339
2016/7/1, 78
2016/7/2, 78
2016/7/3, 87
2016/7/4, 91
2016/7/5, 100
2016/7/6, 99
2016/7/7, 107
2016/7/8, 97
2016/7/9, 81
2016/7/10, 83
2016/7/11, 79
2016/7/12, 82
2016/7/13, 94
2016/7/14, 115
2016/7/15, 130
2016/7/16, 112
2016/7/17, 106
2016/7/18, 104
2016/7/19, 119
2016/7/20, 115
2016/7/21, 88
2016/7/22, 76
2016/7/23, 77
2016/7/24, 74
2016/7/25, 79
2016/7/26, 75
2016/7/27, 77
2016/7/28, 80
2016/7/29, 103
2016/7/30, 104
2016/7/31, 124
2016/8/1, 115
2016/8/2, 81
2016/8/3, 75
2016/8/4, 67
2016/8/5, 70
2016/8/6, 76
2016/8/7, 85
2016/8/8, 118
2016/8/9, 94
2016/8/10, 93
2016/8/11, 93
2016/8/12, 111
2016/8/13, 111
2016/8/14, 127
2016/8/15, 115
2016/8/16, 92
2016/8/17, 47
2016/8/18, 90
2016/8/19, 112
2016/8/20, 129
2016/8/21, 137
2016/8/22, 82
2016/8/23, 100
2016/8/24, 145
2016/8/25, 130
2016/8/26, 82
2016/8/27, 70
2016/8/28, 67
2016/8/29, 61
2016/8/30, 44
2016/8/31, 49
2016/9/1, 52
2016/9/2, 95
2016/9/3, 93
2016/9/4, 104
2016/9/5, 73
2016/9/6, 89
2016/9/7, 92
2016/9/8, 89
2016/9/9, 81
2016/9/10, 81
2016/9/11, 69
2016/9/12, 63
2016/9/13, 66
2016/9/14, 49
2016/9/15, 51
2016/9/16, 59
2016/9/17, 78
2016/9/18, 62
2016/9/19, 69
2016/9/20, 57
2016/9/21, 45
2016/9/22, 45
2016/9/23, 38
2016/9/24, 47
2016/9/25, 64
2016/9/26, 72
2016/9/27, 84
2016/9/28, 89
2016/9/29, 70
2016/9/30, 58
2016/4/1, 87
2016/4/2, 97
2016/4/3, 98
2016/4/4, 101
2016/4/5, 109
2016/4/6, 141
2016/4/7, 150
2016/4/8, 139
2016/4/9, 118
2016/4/10, 134
2016/4/11, 138
2016/4/12, 156
2016/4/13, 146
2016/4/14, 117
2016/4/15, 118
2016/4/16, 89
2016/4/17, 92
2016/4/18, 91
2016/4/19, 88
2016/4/20, 89
2016/4/21, 90
2016/4/22, 104
2016/4/23, 107
2016/4/24, 118
2016/4/25, 96
2016/4/26, 86
2016/4/27, 88
2016/4/28, 101
2016/4/29, 102
2016/4/30, 119
2016/5/1, 134
2016/5/2, 101
2016/5/3, 97
2016/5/4, 112
2016/5/5, 114
2016/5/6, 101
2016/5/7, 86
2016/5/8, 82
2016/5/9, 92
2016/5/10, 94
2016/5/11, 117
2016/5/12, 95
2016/5/13, 95
2016/5/14, 82
2016/5/15, 66
2016/5/16, 65
2016/5/17, 68
2016/5/18, 54
2016/5/19, 54
2016/5/20, 66
2016/5/21, 82
2016/5/22, 112
2016/5/23, 118
2016/5/24, 123
2016/5/25, 112
2016/5/26, 124
2016/5/27, 110
2016/5/28, 136
2016/5/29, 131
2016/5/30, 123
2016/5/31, 113
2016/6/1, 90
2016/6/2, 99
2016/6/3, 96
2016/6/4, 90
2016/6/5, 80
2016/6/6, 79
2016/6/7, 88
2016/6/8, 83
2016/6/9, 88
2016/6/10, 128
2016/6/11, 131
2016/6/12, 102
2016/6/13, 86
2016/6/14, 117
2016/6/15, 123
2016/6/16, 129
2016/6/17, 102
2016/6/18, 86
2016/6/19, 76
2016/6/20, 80
2016/6/21, 79
2016/6/22, 74
2016/6/23, 81
2016/6/24, 77
2016/6/25, 68
2016/6/26, 63
2016/6/27, 68
2016/6/28, 75
2016/6/29, 70
2016/6/30, 69
2016/1/4, 320
2016/1/5, 336
2016/1/6, 352
2016/1/7, 423
2016/1/8, 232
2016/1/9, 214
2016/1/10, 207
2016/1/11, 216
2016/1/12, 252
2016/1/13, 294
2016/1/14, 265
2016/1/15, 208
2016/1/16, 199
2016/1/17, 226
2016/1/18, 235
2016/1/19, 228
2016/1/20, 219
2016/1/21, 187
2016/1/22, 190
2016/1/23, 207
2016/1/24, 218
2016/1/25, 253
2016/1/26, 249
2016/1/27, 248
2016/1/28, 229
2016/1/29, 231
2016/1/30, 235
2016/1/31, 187
2016/2/1, 244
2016/2/2, 182
2016/2/3, 202
2016/2/4, 193
2016/2/5, 192
2016/2/6, 238
2016/2/7, 287
2016/2/8, 241
2016/2/9, 197
2016/2/10, 271
2016/2/11, 164
2016/2/12, 159
2016/2/13, 201
2016/2/14, 154
2016/2/15, 161
2016/2/16, 178
2016/2/17, 184
2016/2/18, 172
2016/2/19, 162
2016/2/20, 165
2016/2/21, 169
2016/2/22, 167
2016/2/23, 180
2016/2/24, 125
2016/2/25, 92
2016/2/26, 139
2016/2/27, 148
2016/2/29, 165
2016/3/1, 150
2016/3/2, 135
2016/3/3, 139
2016/3/4, 145
2016/3/5, 155
2016/3/6, 174
2016/3/7, 173
2016/3/8, 157
2016/3/9, 154
2016/3/10, 161
2016/3/11, 173
2016/3/12, 168
2016/3/13, 146
2016/3/14, 170
2016/3/15, 165
2016/3/16, 158
2016/3/17, 154
2016/3/18, 166
2016/3/21, 157
2016/3/22, 158
2016/3/23, 160
2016/3/24, 170
2016/3/25, 153
2016/3/26, 144
2016/3/27, 133
2016/3/28, 145
2016/3/29, 155
2016/3/30, 132
2016/3/31, 107
2015/10/1, 165
2015/10/2, 109
2015/10/3, 110
2015/10/4, 131
2015/10/5, 156
2015/10/6, 115
2015/10/7, 86
2015/10/8, 64
2015/10/9, 144
2015/10/10, 154
2015/10/11, 150
2015/10/12, 150
2015/10/13, 105
2015/10/14, 65
2015/10/15, 91
2015/10/16, 116
2015/10/17, 158
2015/10/18, 170
2015/10/19, 181
2015/10/20, 165
2015/10/21, 158
2015/10/25, 168
2015/10/26, 169
2015/10/27, 168
2015/10/28, 182
2015/10/29, 175
2015/10/30, 169
2015/10/31, 94
2015/11/1, 77
2015/11/2, 107
2015/11/3, 136
2015/11/4, 144
2015/11/5, 129
2015/11/6, 159
2015/11/7, 180
2015/11/8, 202
2015/11/9, 190
2015/11/10, 199
2015/11/11, 236
2015/11/12, 354
2015/11/13, 288
2015/11/14, 265
2015/11/15, 193
2015/11/16, 191
2015/11/17, 208
2015/11/18, 165
2015/11/19, 173
2015/11/20, 199
2015/11/21, 192
2015/11/22, 181
2015/11/23, 187
2015/11/24, 238
2015/11/25, 204
2015/11/26, 186
2015/11/27, 209
2015/11/28, 184
2015/11/29, 215
2015/11/30, 205
2015/12/1, 207
2015/12/2, 238
2015/12/3, 176
2015/12/4, 172
2015/12/5, 186
2015/12/6, 176
2015/12/7, 196
2015/12/8, 212
2015/12/9, 236
2015/12/10, 219
2015/12/11, 179
2015/12/12, 160
2015/12/13, 175
2015/12/14, 203
2015/12/15, 207
2015/12/16, 248
2015/12/17, 247
2015/12/18, 259
2015/12/19, 265
2015/12/20, 320
2015/12/21, 244
2015/12/22, 250
2015/12/23, 235
2015/12/24, 209
2015/12/25, 200
2015/12/26, 249
2015/12/27, 217
2015/12/28, 305
2015/12/29, 392
2015/12/30, 414
2016/1/3, 367
2015/7/1, 124
2015/7/2, 118
2015/7/3, 80
2015/7/4, 81
2015/7/5, 77
2015/7/6, 86
2015/7/7, 59
2015/7/8, 69
2015/7/9, 40
2015/7/10, 42
2015/7/11, 30
2015/7/12, 50
2015/7/13, 56
2015/7/14, 68
2015/7/17, 46
2015/7/18, 56
2015/7/19, 44
2015/7/20, 26
2015/7/21, 24
2015/7/22, 17
2015/7/23, 15
2015/7/24, 32
2015/7/27, 24
2015/7/28, 34
2015/7/29, 40
2015/7/30, 43
2015/7/31, 28
2015/8/1, 23
2015/8/2, 27
2015/8/3, 33
2015/8/4, 48
2015/8/5, 64
2015/8/6, 64
2015/8/7, 48
2015/8/8, 42
2015/8/9, 11
2015/8/10, 11
2015/8/11, 2
2015/8/13, 2
2015/8/14, 12
2015/8/15, 11
2015/8/16, 22
2015/8/17, 27
2015/8/18, 27
2015/8/19, 34
2015/8/20, 63
2015/8/21, 88
2015/8/22, 63
2015/8/23, 80
2015/8/24, 74
2015/8/25, 76
2015/8/26, 47
2015/8/27, 22
2015/8/28, 33
2015/8/29, 33
2015/8/30, 43
2015/8/31, 52
2015/9/1, 56
2015/9/2, 32
2015/9/3, 50
2015/9/4, 52
2015/9/5, 82
2015/9/6, 82
2015/9/7, 79
2015/9/8, 88
2015/9/9, 95
2015/9/10, 153
2015/9/12, 6
2015/9/13, 43
2015/9/14, 11
2015/9/23, 68
2015/9/24, 113
2015/9/25, 123
2015/9/26, 153
2015/9/27, 147
2015/9/28, 151
2015/9/29, 171
2015/9/30, 167
2015/4/1, 152
2015/4/2, 94
2015/4/3, 110
2015/4/4, 120
2015/4/5, 102
2015/4/6, 103
2015/4/7, 105
2015/4/8, 83
2015/4/9, 104
2015/4/10, 135
2015/4/11, 81
2015/4/12, 109
2015/4/13, 153
2015/4/14, 150
2015/4/15, 160
2015/4/16, 166
2015/4/17, 140
2015/4/18, 81
2015/4/19, 60
2015/4/20, 57
2015/4/21, 66
2015/4/22, 70
2015/4/23, 86
2015/4/24, 75
2015/4/25, 99
2015/4/26, 120
2015/4/27, 87
2015/4/28, 81
2015/4/29, 85
2015/4/30, 88
2015/5/1, 90
2015/5/2, 87
2015/5/3, 95
2015/5/4, 122
2015/5/5, 100
2015/5/6, 99
2015/5/7, 92
2015/5/8, 81
2015/5/9, 83
2015/5/10, 78
2015/5/11, 88
2015/5/12, 86
2015/5/13, 87
2015/5/14, 92
2015/5/15, 82
2015/5/16, 94
2015/5/17, 79
2015/5/18, 54
2015/5/19, 47
2015/5/20, 63
2015/5/21, 100
2015/5/22, 111
2015/5/23, 116
2015/5/24, 113
2015/5/25, 113
2015/5/26, 104
2015/5/27, 92
2015/5/28, 88
2015/5/29, 87
2015/5/30, 82
2015/5/31, 78
2015/6/1, 82
2015/6/2, 70
2015/6/3, 53
2015/6/4, 58
2015/6/5, 72
2015/6/6, 67
2015/6/7, 61
2015/6/8, 67
2015/6/9, 64
2015/6/10, 79
2015/6/11, 71
2015/6/12, 87
2015/6/13, 77
2015/6/14, 98
2015/6/15, 58
2015/6/16, 57
2015/6/17, 58
2015/6/18, 50
2015/6/19, 37
2015/6/20, 28
2015/6/21, 31
2015/6/22, 43
2015/6/23, 62
2015/6/24, 93
2015/6/25, 102
2015/6/26, 116
2015/6/27, 109
2015/6/28, 110
2015/6/29, 96
2015/6/30, 84
2015/1/1, 230
2015/1/2, 143
2015/1/3, 119
2015/1/4, 160
2015/1/5, 154
2015/1/6, 185
2015/1/7, 212
2015/1/8, 246
2015/1/9, 227
2015/1/10, 200
2015/1/11, 200
2015/1/12, 228
2015/1/13, 221
2015/1/14, 283
2015/1/15, 233
2015/1/16, 253
2015/1/17, 189
2015/1/18, 185
2015/1/19, 215
2015/1/20, 231
2015/1/21, 220
2015/1/22, 251
2015/1/23, 263
2015/1/24, 199
2015/1/25, 224
2015/1/26, 198
2015/1/27, 184
2015/1/28, 227
2015/1/29, 189
2015/1/30, 174
2015/1/31, 188
2015/2/1, 179
2015/2/2, 190
2015/2/3, 243
2015/2/4, 265
2015/2/5, 208
2015/2/6, 185
2015/2/7, 183
2015/2/8, 215
2015/2/9, 193
2015/2/10, 226
2015/2/11, 197
2015/2/12, 216
2015/2/13, 190
2015/2/14, 188
2015/2/15, 168
2015/2/16, 148
2015/2/17, 155
2015/2/18, 143
2015/2/19, 120
2015/2/20, 118
2015/2/21, 156
2015/2/22, 153
2015/2/23, 154
2015/2/24, 140
2015/2/25, 155
2015/2/26, 150
2015/2/27, 127
2015/2/28, 131
2015/3/1, 90
2015/3/3, 158
2015/3/4, 169
2015/3/5, 155
2015/3/6, 161
2015/3/7, 165
2015/3/8, 168
2015/3/9, 173
2015/3/10, 188
2015/3/11, 182
2015/3/12, 173
2015/3/13, 178
2015/3/14, 168
2015/3/15, 158
2015/3/16, 152
2015/3/17, 164
2015/3/18, 155
2015/3/19, 159
2015/3/20, 161
2015/3/21, 171
2015/3/22, 175
2015/3/23, 178
2015/3/24, 155
2015/3/25, 144
2015/3/26, 141
2015/3/27, 125
2015/3/28, 135
2015/3/29, 111
2015/3/30, 93
2015/3/31, 112
2014/12/10, 307
2014/12/11, 295
2014/12/12, 227
2014/12/13, 215
2014/12/14, 220
2014/12/15, 232
2014/12/16, 279
2014/12/17, 182
2014/12/18, 180
2014/12/19, 198
2014/12/20, 195
2014/12/21, 245
2014/12/22, 230
2014/12/23, 256
2014/12/24, 342
2014/12/25, 263
2014/12/27, 250
2014/12/28, 262